Country Code,Country,Average Alcohol,Average Beer,Average Wine,Average Spirits,Average Other
AF,Afghanistan,0.031666667,0.01,0,0.023333333,0
AL,Albania,5.188571429,1.731428571,1.222857143,2.137142857,0.095714286
DZ,Algeria,0.505714286,0.255714286,0.164285714,0.081428571,0
AO,Angola,7.291428571,4.562857143,1.754285714,0.92,0.054285714
AR,Argentina,8.193333333,3.286666667,3.68,0.471666667,0.76
AM,Armenia,3.918571429,0.394285714,0.245714286,3.267142857,0.007142857
AU,Australia,9.951428571,4.091428571,3.725714286,1.27,0.864285714
AT,Austria,11.88333333,6.15,4.033333333,1.7,0
AZ,Azerbaijan,1.577142857,0.271428571,0.145714286,1.152857143,0.008571429
BH,Bahrain,2.065714286,0.38,0.118571429,1.124285714,0.442857143
BD,Bangladesh,0.01,0,0,0,0
BY,Belarus,12.47,2.458571429,0.227142857,5.744285714,4.038571429
BE,Belgium,10.29333333,4.77,3.826666667,1.478333333,0.22
BZ,Belize,6.243333333,4.245,0.151666667,1.7,0.148333333
BJ,Benin,1.471666667,0.88,0.181666667,0.176666667,0.233333333
BT,Bhutan,0.4825,0.3275,0.01,0.1475,0
BO,Bolivia,3.74,2.747142857,0.187142857,0.747142857,0.045714286
BA,Bosnia and Herzegovina,4.482857143,3.341428571,0.441428571,0.565714286,0.134285714
BW,Botswana,5.525,2.523333333,0.735,0.58,1.685
BR,Brazil,7.095714286,4.357142857,0.295714286,2.41,0.03
BG,Bulgaria,11.05428571,4.2,1.797142857,4.957142857,0.098571429
BF,Burkina Faso,4.691666667,0.67,0.136666667,0.195,3.688333333
BI,Burundi,4.16,1.61,0,0,2.535
KH,Cambodia,2.808571429,2.402857143,0.002857143,0.398571429,0
CM,Cameroon,6.42,2.776666667,0.106666667,0.01,3.528333333
CA,Canada,8.2,3.9,1.985714286,2.071428571,0.242857143
CF,Central African Republic,1.673333333,0.321666667,0.006666667,0.01,1.333333333
TD,Chad,0.63,0.405,0.028333333,0.038333333,0.158333333
CL,Chile,7.66,2.62,2.681666667,2.358333333,0
CN,China,5.748571429,1.787142857,0.177142857,3.79,0
CO,Colombia,4.338571429,2.995714286,0.054285714,1.271428571,0.018571429
KM,Comoros,0.1575,0.0375,0.05,0.07,0
CR,Costa Rica,3.57,2.237142857,0.232857143,1.065714286,0.037142857
HR,Croatia,11.27857143,4.54,5.068571429,1.278571429,0.388571429
CZ,Czech Republic,12.84857143,6.978571429,2.65,3.221428571,0
CD,Democratic Republic of the Congo,1.605,0.661666667,0.101666667,0.015,0.826666667
DK,Denmark,9.635714286,3.625714286,4.452857143,1.547142857,0.011428571
DJ,Djibouti,0.438571429,0.131428571,0.081428571,0.218571429,0.005714286
DO,Dominican Republic,5.977142857,3.272857143,0.204285714,2.428571429,0.07
EC,Ecuador,3.757142857,2.832857143,0.052857143,0.85,0.02
EG,Egypt,0.195714286,0.11,0.017142857,0.064285714,0
SV,El Salvador,2.442857143,1.064285714,0.038571429,1.338571429,0
EE,Estonia,16.46142857,5.384285714,1.218571429,8.28,1.578571429
ET,Ethiopia,1.238333333,0.638333333,0,0.098333333,0.501666667
FI,Finland,9.08,4.291428571,1.78,2.047142857,0.961428571
FR,France,12.02285714,2.122857143,7.167142857,2.521428571,0.211428571
GA,Gabon,8.926666667,6.376666667,0.968333333,1.483333333,0.095
GE,Georgia Country,7.648571429,1.431428571,3.264285714,2.95,0.007142857
DE,Germany,11.59142857,5.791428571,3.445714286,2.355714286,0
GH,Ghana,1.718333333,0.455,0.16,0.106666667,0.996666667
GR,Greece,7.472857143,2.107142857,3.725714286,1.544285714,0.094285714
GT,Guatemala,1.801428571,0.895714286,0.035714286,0.865714286,0
GN,Guinea,0.246666667,0.215,0.028333333,0.003333333,0.003333333
HT,Haiti,5.786666667,0.125,0.016666667,5.636666667,0.01
HN,Honduras,2.861428571,1.248571429,0.03,1.578571429,0
HU,Hungary,10.95333333,3.935,3.226666667,3.793333333,0
IS,Iceland,7.06,3.897142857,1.991428571,1.172857143,0
IN,India,2.981428571,0.197142857,0,2.784285714,0
ID,Indonesia,0.201428571,0.071428571,0.115714286,0.01,0
IR,Iran,0.018333333,0,0,0.018333333,0
IQ,Iraq,0.178333333,0.126666667,0,0.043333333,0
IE,Ireland,11.26285714,5.295714286,3.154285714,2.041428571,0.775714286
IL,Israel,2.702857143,1.32,0.182857143,1.152857143,0.047142857
IT,Italy,7.22,1.722857143,4.701428571,0.792857143,0
CI,Ivory Coast,4.681666667,0.831666667,0.261666667,0.02,3.571666667
JM,Jamaica,3.231428571,1.09,0.158571429,1.832857143,0.154285714
JP,Japan,6.848333333,1.271666667,0.338333333,2.663333333,2.576666667
KZ,Kazakhstan,6.208571429,1.877142857,0.367142857,3.965714286,0
KE,Kenya,1.906666667,0.861666667,0.033333333,0.416666667,0.595
JO,Kingdom of Jordan,0.425714286,0.064285714,0.014285714,0.338571429,0.01
KW,Kuwait,0.011666667,0.001666667,0,0.01,0
KG,Kyrgyzstan,5.407142857,0.545714286,0.11,4.747142857,0
LA,Laos,6.423333333,2.928333333,0,3.493333333,0
LV,Latvia,10.45428571,4.747142857,1.16,3.94,0.607142857
LB,Lebanon,1.362857143,0.362857143,0.275714286,0.705714286,0.02
LS,Lesotho,2.666666667,1.486666667,0.048333333,0.455,0.676666667
LR,Liberia,3.636666667,0.425,0.041666667,3.158333333,0.013333333
LY,Libya,0.0025,0,0,0.0025,0
LT,Lithuania,14.51857143,6.34,1.052857143,5.387142857,1.742857143
LU,Luxembourg,11.70142857,3.958571429,5.308571429,2.441428571,0
MG,Madagascar,0.92,0.468571429,0.124285714,0.328571429,0
MW,Malawi,1.89,0.163333333,0.02,0.216666667,1.495
MY,Malaysia,0.567142857,0.39,0.057142857,0.111428571,0.01
ML,Mali,0.588333333,0.083333333,0.01,0.006666667,0.49
MT,Malta,7.74,2.888571429,2.43,2.038571429,0.382857143
MR,Mauritania,0.001666667,0,0,0,0
MU,Mauritius,2.873333333,1.73,0.335,0.803333333,0.001666667
MX,Mexico,5.277142857,3.96,0.17,1.118571429,0.03
MD,Moldova,9.074285714,1.692857143,4.461428571,2.71,0.207142857
MN,Mongolia,5.498333333,2.191666667,0.128333333,3.155,0
ME,Montenegro,6.59,0.72,3.138333333,2.591666667,0.138333333
MA,Morocco,0.506666667,0.175,0.256666667,0.076666667,0
MZ,Mozambique,1.055714286,0.79,0.11,0.15,0.004285714
MM,Myanmar,1.411666667,0.348333333,0.081666667,0.981666667,0.01
NAM,Namibia,7.496666667,5.543333333,0.523333333,0.726666667,0.698333333
NP,Nepal,0.435,0.141666667,0.171666667,0.12,0
NL,Netherlands,8.75,4.155,3.171666667,1.425,0
NZ,New Zealand,9.265714286,3.491428571,3.081428571,2.668571429,0.028571429
NI,Nicaragua,3.571428571,1.381428571,0.022857143,2.165714286,0
NE,Niger,0.12,0.048333333,0.011666667,0.055,0
NG,Nigeria,9.871666667,0.746666667,0.043333333,0.063333333,9.016666667
NF,Northern Cyprus,10.12666667,3.356666667,2.635,4.131666667,0
NO,Norway,6.217142857,2.704285714,2.265714286,1.101428571,0.144285714
OM,Oman,0.444285714,0.177142857,0.02,0.248571429,0
PK,Pakistan,0.037142857,0,0,0.032857143,0
PA,Panama,7.044285714,5.26,0.237142857,1.53,0.02
PY,Paraguay,6.174285714,3.208571429,1.184285714,1.724285714,0.06
PE,Peru,5.203333333,3.105,0.465,1.623333333,0.008333333
PH,Philippines,4.667142857,1.201428571,0.028571429,3.385714286,0.051428571
PL,Poland,10.37,5.698571429,0.874285714,3.794285714,0
PT,Portugal,11.01285714,2.9,6.804285714,0.855714286,0.452857143
QA,Qatar,1.211428571,0.331428571,0.131428571,0.742857143,0.007142857
CG,Republic of the Congo,4.57,3.893333333,0.116666667,0.535,0.025
RO,Romania,10.53166667,4.996666667,2.903333333,1.483333333,0
RU,Russia,9.774285714,3.824285714,0.941428571,4.231428571,0.777142857
RW,Rwanda,7.128333333,0.943333333,0.005,0.138333333,6.04
SA,Saudi Arabia,0.081666667,0,0,0.081666667,0
SN,Senegal,0.27,0.141666667,0.1,0.026666667,0
RS,Serbia,9.032857143,2.904285714,3.838571429,2.272857143,0.01
SL,Sierra Leone,3.616666667,0.18,0.031666667,0.006666667,3.396666667
SG,Singapore,1.848571429,1.281428571,0.267142857,0.265714286,0.031428571
SK,Slovakia,10.62,3.467142857,2.35,4.327142857,0.471428571
SI,Slovenia,10.61714286,4.872857143,4.885714286,0.861428571,0
SO,Somalia,0,0,0,0,0
ZA,South Africa,7.202857143,4.078571429,1.242857143,1.304285714,0.574285714
KR,South Korea,8.92,1.986666667,0.145,0.426666667,6.361666667
SS,South Sudan,0.03,0.02,0,0.01,0
ES,Spain,8.847142857,4.514285714,1.995714286,2.338571429,0
LK,Sri Lanka,2.675,0.351666667,0.003333333,2.27,0.05
SR,Suriname,5.278571429,2.05,0.151428571,2.9,0.181428571
SE,Sweden,7.248571429,2.645714286,3.444285714,1.04,0.117142857
CH,Switzerland,9.754285714,3.151428571,4.692857143,1.794285714,0.12
SY,Syria,0.358333333,0.043333333,0.003333333,0.31,0
TJ,Tajikistan,0.8,0.358571429,0.017142857,0.427142857,0
TZ,Tanzania,6.271666667,0.736666667,0.016666667,0.141666667,5.371666667
TH,Thailand,6.865,2.015,0.148333333,4.701666667,0
TG,Togo,1.526666667,0.573333333,0.298333333,0.263333333,0.391666667
TT,Trinidad and Tobago,6.804285714,3.711428571,0.2,2.782857143,0.114285714
TN,Tunisia,1.378571429,0.917142857,0.405714286,0.055714286,0.001428571
TR,Turkey,1.437142857,0.821428571,0.124285714,0.491428571,0
TM,Turkmenistan,3.622857143,0.694285714,1.627142857,1.301428571,0
UG,Uganda,9.011666667,0.813333333,0.01,0.226666667,7.96
UA,Ukraine,7.237142857,3.001428571,0.427142857,3.365714286,0.441428571
AE,United Arab Emirates,1.882857143,0.195714286,0.128571429,1.554285714,0.01
GB,United Kingdom,9.852857143,3.522857143,3.374285714,2.154285714,0.804285714
US,United States,8.74,4.22,1.565,2.955,0
UY,Uruguay,8.755,3.183333333,3.951666667,1.621666667,0
UZ,Uzbekistan,1.622857143,0.607142857,0.131428571,0.88,0
VE,Venezuela,6.207142857,4.654285714,0.051428571,1.442857143,0.057142857
VN,Vietnam,2.638571429,2.438571429,0.02,0.175714286,0
YE,Yemen,0.041666667,0.035,0,0,0
ZM,Zambia,2.911666667,0.87,0.071666667,0.183333333,1.788333333
ZW,Zimbabwe,3.34,2.031666667,0.091666667,0.38,0.836666667
