Country,Country Code,Latitude,Longitude,Happiness
Afghanistan,AF,33.93911,67.709953,3.897008112
Albania,AL,41.153332,20.168331,5.018377849
Algeria,DZ,28.033886,1.659626,5.616221809
Angola,AO,-11.202692,17.873887,4.420298873999999
Argentina,AR,-38.416097,-63.61667199999999,6.580426625
Armenia,AM,40.069099,45.038189,4.33601141
Australia,AU,-25.274398,133.775136,7.323301315
Austria,AT,47.516231,14.550072,7.249600206
Azerbaijan,AZ,40.143105,47.576927,4.999032906
Bahrain,BH,26.0667,50.5577,5.831417968999999
Bangladesh,BD,23.684994,90.356331,4.721987861000001
Belarus,BY,53.709807,27.953389,5.583706992000001
Belgium,BE,50.503887,4.469936,6.958877972000001
Belize,BZ,17.189877,-88.49765,5.955646515
Benin,BJ,9.30769,2.315834,3.587100387
Bhutan,BT,27.514162,90.433601,5.196599483
Bolivia,BO,-16.290154,-63.58865299999999,5.830667019
Bosnia and Herzegovina,BA,43.915886,17.679076,5.015285015
Botswana,BW,-22.328474,24.684866,3.904182502
Brazil,BR,-14.235004,-51.92528,6.796878202
Bulgaria,BG,42.733883,25.48583,4.306339741
Burkina Faso,BF,12.238333,-1.561593,4.029685463
Burundi,BI,-3.373056,29.918886,3.3052146430000002
Cambodia,KH,12.565679,104.990963,4.0546001369999995
Cameroon,CM,7.369721999999999,12.354722,4.514064653
Canada,CA,56.130366,-106.346771,7.435316358
Central African Republic,CF,6.611110999999999,20.939444,3.31292669
Chad,TD,15.454166,18.732207,3.927028486
Chile,CL,-35.675147,-71.542969,6.6367596220000005
China,CN,35.86166,104.195397,5.121486391
Colombia,CO,4.570868,-74.297333,6.41765322
Comoros,KM,-11.6455,43.3333,4.0951966969999996
Costa Rica,CR,9.748916999999999,-83.753428,7.1667001589999995
Croatia,HR,45.1,15.2000001,5.556721619
Cyprus,CY,35.126413,33.429859,5.93664544
Czechia,CZ,49.81749199999999,15.472962,6.491469724
Democratic Republic of the Congo,CD,-4.038333,21.758664,4.415440917
Denmark,DK,56.26392,9.501785,7.6067186079999995
Djibouti,DJ,11.825138,42.590275,4.995920022
Dominican Republic,DO,18.735693,-70.162651,4.995920022
Ecuador,EC,-1.831239,-78.18340599999999,5.948346615
Egypt,EG,26.820553,30.802498,4.401443413
El Salvador,SV,13.794185,-88.89653,5.965069294
Estonia,EE,58.595272,25.0136071,5.508793354
Ethiopia,ET,9.145000000000001,40.489673,4.476729202
Finland,FI,61.92410999999999,25.7481511,7.443524974
France,FR,46.227638,2.213749,6.624753543
Gabon,GA,-0.803689,11.609444,4.239766161
Georgia,GE,42.315407,43.35689199999999,4.252295562
Germany,DE,51.165691,10.451526,6.844063622999999
Ghana,GH,7.946527,-1.023194,4.656777859
Greece,GR,39.074208,21.824312,5.24422557
Guatemala,GT,15.783471,-90.23075899999999,6.1761935779999995
Guinea,GN,9.945587,-9.696645,3.6863246760000004
Haiti,HT,18.971187,-72.285215,4.065264429
Honduras,HN,15.199999,-86.241905,5.098865237
Hong Kong,HK,22.396428,114.109497,5.51141634
Hungary,HU,47.162494,19.5033041,5.030629771
Iceland,IS,64.963051,-19.020835,7.525039911
India,IN,20.593684,78.96288,4.589757125
Indonesia,ID,-0.789275,113.921327,5.2952028680000005
Iran,IR,32.427908,53.688046,4.766820828
Iraq,IQ,33.223191,43.679291,4.660395827
Ireland,IE,53.1423672,-7.692053599999999,6.982608591
Israel,IL,31.046051,34.851612,7.266067777000001
Italy,IT,41.87194,12.56738,6.012686457
CÃ´te d'Ivoire,CI,7.539988999999999,-5.547079999999999,4.0743296739999995
Jamaica,JM,18.109581,-77.297508,5.464623928
Japan,JP,36.204824,138.252924,6.000582898999999
Kazakhstan,KZ,48.019573,66.923684,5.756935188
Kenya,KE,-0.023559,37.906193,4.380316155
Jordan,JO,30.585164,36.238414,5.346016952
Kosovo,XK,42.6026359,20.902977,5.376956872
Kuwait,KW,29.31166,47.481766,6.307191576
Kyrgyzstan,KG,41.20438,74.766098,5.077396461
Laos,LA,19.85627,102.495496,5.286450148
Latvia,LV,56.879635,24.603189,5.286450148
Lebanon,LB,33.854721,35.862285,5.064435346000001
Lesotho,LS,-29.609988,28.233608,4.352859855
Liberia,LR,6.428055,-9.429499000000002,3.7059373860000004
Libya,LY,26.3351,17.228331,5.6011273070000005
Lithuania,LT,55.169438,23.881275,5.652520452
Luxembourg,LU,49.815273,6.129582999999999,6.979085445
Macedonia (FYROM),MK,41.608635,21.745275,4.918483121
Madagascar,MG,-18.766947,46.869107,3.7798098330000003
Malawi,MW,-13.254308,34.301525,4.027937969
Malaysia,MY,4.210484,101.975766,5.889362573
Mali,ML,17.570692,-3.996166,4.141610384
Malta,MT,35.937496,14.375416,6.275392055
Mauritania,MR,21.00789,-10.940835,4.472421305
Mauritius,MU,-20.348404,57.55215200000001,5.578285535
Mexico,MX,23.634501,-102.552784,6.8878466739999995
Moldova,MD,47.411631,28.369885,5.806583677000001
Mongolia,MN,46.862496,103.846656,4.897047178999999
Montenegro,ME,42.708678,19.37439,5.240417344
Morocco,MA,31.791702,-7.092619999999999,5.47576891
Mozambique,MZ,-18.665695,35.529562,4.53838614
Myanmar (Burma),MM,21.916221,95.955974,4.53838614
Namibia,NAM,-22.95764,18.49041,4.573991298999999
Nepal,NP,28.394857,84.12400799999999,4.554847479
Netherlands,NL,52.132633,5.291265999999999,7.4470632420000005
New Zealand,NZ,-40.900557,174.885971,7.270553929
Nicaragua,NI,12.865416,-85.207229,5.786400727
Niger,NE,17.607789,8.081666,4.036900963
Nigeria,NG,9.081999,8.675277,5.044716263
Northern Cyprus,NF,35.2480359,33.6577243,5.697152996
Norway,NO,60.47202399999999,8.468945999999999,7.5806282760000006
Oman,OM,21.4735329,55.975413,6.852982044
Pakistan,PK,30.375321,69.34511599999999,5.304332529
Palestine,PS,31.952162,35.233154,4.75260789
Panama,PA,8.537981,-80.782127,6.807174819
Paraguay,PY,-23.442503,-58.443832,5.6791857310000005
Peru,PE,-9.189967,-75.015152,5.750866481
Philippines,PH,12.879721,121.774017,5.172176157
Poland,PL,51.919438,19.145136,5.867811271
Portugal,PT,39.39987199999999,-8.224454,5.16008418
Qatar,QA,25.354826,51.183884,6.606771231000001
Republic of the Congo,CG,-0.228021,15.827659,4.0951966969999996
Romania,RO,45.943161,24.96676,5.379091127000001
Russia,RU,61.52401,105.318756,5.688416277000001
Rwanda,RW,-1.940278,29.873888,3.5514414710000004
Saudi Arabia,SA,23.885942,45.079162,6.428024496
Senegal,SN,14.497401,-14.452362,4.16125335
Serbia,RS,44.016521,21.005859,5.102288791
Sierra Leone,SL,8.460555,-11.779889,4.548572064
Singapore,SG,1.352083,103.819836,6.556836764
Slovakia,SK,48.669026,19.699024,6.019842692999999
Slovenia,SI,46.151241,14.995463,5.930308274
Somalia,SO,5.152149,46.199616,5.18328619
South Africa,ZA,-30.559482,22.937506,4.694725275
South Korea,KR,35.907757,127.766922,6.082403047000001
South Sudan,SS,6.876991899999999,31.3069788,3.5969586369999997
Spain,ES,40.46366700000001,-3.74922,6.3289974760000005
Sri Lanka,LK,7.873053999999999,80.77179699999999,4.271050175
Sudan,SD,12.862807,30.217636,4.359697103999999
Suriname,SR,3.919305,-56.027783,6.269286632999999
Swaziland,SZ,-26.522503,31.465866,4.867091179
Sweden,SE,60.12816100000001,18.643501,7.395603384
Switzerland,CH,46.818188,8.227511999999999,7.574917317000001
Syria,SY,34.80207499999999,38.996815,3.563310862
Taiwan,TW,23.69781,120.960515,6.332877568
Tajikistan,TJ,38.861034,71.276093,4.747212887
Tanzania,TZ,-6.369028,34.888822,3.601227658
Thailand,TH,15.870032,100.992541,6.381776877999999
Togo,TG,8.619543,0.824782,3.3555150030000003
Trinidad and Tobago,TT,10.691803,-61.222503,6.343226433
Tunisia,TN,33.886917,9.537499,4.876114096
Turkey,TR,38.963745,35.243322,5.340003831000001
Turkmenistan,TM,38.969719,59.556278,5.685539246
Uganda,UG,1.373333,32.290275,4.182652405
Ukraine,UA,48.379433,31.1655799,4.596057415
United Arab Emirates,AE,23.424076,53.847818,6.856296744
United Kingdom,GB,55.378051,-3.435973,6.8279040879999995
United States,US,37.09024,-95.712891,7.053275449
Uruguay,UY,-32.522779,-55.765835,6.410180092
Uzbekistan,UZ,41.377491,64.585262,5.815360069
Venezuela,VE,6.42375,-66.58973,6.203375612
Vietnam,VN,14.058324,108.277199,5.263414247
Yemen,YE,15.552727,48.516388,3.8787300589999996
Zambia,ZM,-13.133897,27.849332,4.798838218
Zimbabwe,ZW,-19.015438,29.154857,4.399363108999999
